{
    "accuracy": 0.6693975903614457,
    "precision": 0.7728026533996684,
    "recall": 0.45911330049261084,
    "auc": 0.7257008086253369
}